image,angle
0.jpg,-0.070343017578125
1.jpg,-0.046905517578125
2.jpg,-0.023468017578125
3.jpg,0.0
4.jpg,0.0
5.jpg,0.0
